product_id,name,description,price,category_id
1,Ribbed Crop Top,Short ribbed cotton top,299,1
2,High Waist Jeans,Denim high waist jeans,799,1
3,Oversized Hoodie,Loose fit hoodie,650,2
4,Slim Fit T-Shirt,Basic slim fit t-shirt,249,2
5,Gold Layered Necklace,Layered fashion necklace,199,3
6,Mini Crossbody Bag,Small everyday crossbody bag,549,5
7,White Sneakers,Casual white sneakers,999,4
8,Platform Boots,Chunky platform boots,1299,4
9,Leather Tote Bag,Large leather tote bag,1199,5
10,Satin Midi Skirt,Elegant satin midi skirt,499,1
