user_id,first_name,last_name,email,password,phone
1,Mariam,Ali,mariam.ali@gmail.com,K9@fT2xQ!,01055544321
2,Nour,Ahmed,nour.ahmed@gmail.com,mP#7Zq!3L,01122233445
3,Yara,Hossam,yara.hossam@gmail.com,R8$wA1e@K,01299988776
4,Lina,Fathy,lina.fathy@gmail.com,T!9xQ2M$h,01077889911
5,Dina,Samir,dina.samir@gmail.com,A7@Dk3P!x,01133445566
6,Salma,Youssef,salma.youssef@gmail.com,Z#4M!Q9sE,01222334455
7,Farah,Omar,farah.omar@gmail.com,8W@xL!2QK,01044556677
8,Menna,Ashraf,menna.ashraf@gmail.com,P@5T7!mZQ,01188990011
